CohereLabs/c4ai-command-r-v01 -> Citaman/command-r-39-layer -> Citaman/command-r-38-layer -> Citaman/command-r-37-layer -> Citaman/command-r-36-layer -> Citaman/command-r-35-layer -> Citaman/command-r-34-layer -> Citaman/command-r-33-layer -> Citaman/command-r-32-layer -> Citaman/command-r-31-layer -> Citaman/command-r-30-layer -> Citaman/command-r-29-layer -> Citaman/command-r-28-layer -> Citaman/command-r-27-layer -> Citaman/command-r-26-layer -> Citaman/command-r-25-layer -> Citaman/command-r-24-layer -> Citaman/command-r-23-layer -> Citaman/command-r-22-layer -> Citaman/command-r-21-layer -> Citaman/command-r-20-layer -> Citaman/command-r-19-layer -> Citaman/command-r-18-layer -> Citaman/command-r-17-layer -> Citaman/command-r-16-layer -> Citaman/command-r-15-layer -> Citaman/command-r-14-layer -> Citaman/command-r-13-layer -> Citaman/command-r-12-layer -> Citaman/command-r-11-layer -> Citaman/command-r-10-layer -> Citaman/command-r-9-layer -> Citaman/command-r-8-layer -> Citaman/command-r-7-layer -> Citaman/command-r-6-layer -> Citaman/command-r-5-layer -> Citaman/command-r-4-layer -> Citaman/command-r-3-layer -> Citaman/command-r-2-layer -> Citaman/command-r-1-layer
vicgalle/Configurable-Llama-3-8B-v0.2 -> nbeerbower/llama-3-bophades-v1-8B -> nbeerbower/llama-3-sauce-v1-8B -> nbeerbower/llama-3-dragonmaid-8B -> nbeerbower/llama-3-slerp-kraut-dragon-8B -> nbeerbower/llama-3-wissenschaft-8B -> nbeerbower/llama-3-bophades-v3-8B -> nbeerbower/llama-3-gutenberg-8B -> nbeerbower/llama-3-stella-8B -> mlabonne/Daredevil-8B -> Khetterman/CursedMatrix-8B-v9 -> Khetterman/Kosmos-8B-v1 -> jaspionjader/Kosmos-Elusive-8b -> jaspionjader/Kosmos-Elusive-VENN-8B -> jaspionjader/Kosmos-EVAA-v2-8B -> jaspionjader/Kosmos-EVAA-v3-8B -> jaspionjader/Kosmos-EVAA-v9-8B -> jaspionjader/Kosmos-EVAA-v9-TitanFusion-Mix-8B -> jaspionjader/knfp-2-8b -> jaspionjader/Kosmos-EVAA-Franken-Immersive-v41-8B -> jaspionjader/ek-3 -> jaspionjader/ek-6 -> jaspionjader/sof-3 -> jaspionjader/sof-10 -> jaspionjader/Kosmos-EVAA-immersive-sof-v44-8B -> jaspionjader/slu-10 -> jaspionjader/slu-14 -> jaspionjader/slu-18
recoilme/recoilme-gemma-2-9B-v0.2 -> zelk12/MT3-Gen1-IF-gemma-2-RAv0.1Rv0.2-9B -> zelk12/MT3-Gen1-BI-gemma-2-9B -> zelk12/MT3-Gen1-gemma-2-9B -> zelk12/MT-Merge1-GP-gemma-2-MT5g1MT3g1-9B -> zelk12/MT-Merge1-MMG-gemma-2-9B -> zelk12/MT5-Gen1-MMGBI-gemma-2-9B -> zelk12/MT-Merge1-gemma-2-9B -> zelk12/MT5-Max-Merge_02012025163610-MM-gemma-2-MTM4MTM1-9B -> zelk12/MT5-Max-Merge_02012025163610-MUMM-gemma-2-9B -> zelk12/MT5-Max-Merge_02012025163610-BMAMUMM-gemma-2-9B -> zelk12/MT5-Max-Merge_02012025163610-gemma-2-9B -> zelk12/MT-Gen6-N-gemma-2-MT5MaMe02012025163610Tv1-9B -> zelk12/MT-Gen6-NC-gemma-2-9B -> zelk12/MT-Gen6-gemma-2-9B -> zelk12/MT-Gen7-W-gemma-2-MTg6CB-9B -> zelk12/MT-Gen7-UW-gemma-2-9B -> zelk12/MT-Gen7-gemma-2-9B -> zelk12/MT3-Gen8-U-gemma-2-MTg7RAv0.1t0.25-9B -> zelk12/MT3-Gen8-UW-gemma-2-9B -> zelk12/MT3-Gen8-gemma-2-9B -> zelk12/MT-Merge8-C-gemma-2-MTg8MT3g8-9B -> zelk12/MT-Merge8-NC-gemma-2-9B
cgato/Nemo-12b-Humanize-KTO-Experimental-Latest -> DoppelReflEx/MN-12B-WolFrame -> mergekit-community/mergekit-ties-wdlytza -> mergekit-community/mergekit-slerp-yvvcncu -> mergekit-community/mergekit-model_stock-hwudfad -> mergekit-community/mergekit-slerp-xqcetfe -> mergekit-community/mergekit-ties-qpimnds -> mergekit-community/mergekit-model_stock-xxfcylq -> mergekit-community/mergekit-slerp-ljgqjtg -> mergekit-community/mergekit-slerp-mirtnuv -> mergekit-community/mergekit-slerp-lupllmg -> mergekit-community/mergekit-model_stock-izmzpot -> mergekit-community/mergekit-model_stock-lgpoodo -> mergekit-community/mergekit-model_stock-qdhvbzt -> mergekit-community/mergekit-model_stock-tiwlqms -> mergekit-community/mergekit-passthrough-gujurtn -> mergekit-community/mergekit-passthrough-rqhssas -> mergekit-community/mergekit-slerp-tuccilc -> mergekit-community/mergekit-slerp-pjjpegi -> mergekit-community/mergekit-slerp-znbfpqv -> mergekit-community/mergekit-slerp-qregpbv -> mergekit-community/mergekit-slerp-mjfukvb
fblgit/una-cybertron-7b-v2-bf16 -> Q-bert/MetaMath-Cybertron -> Q-bert/MetaMath-Cybertron-Starling -> EmbeddedLLM/Mistral-7B-Merge-14-v0 -> EmbeddedLLM/Mistral-7B-Merge-14-v0.2 -> mlabonne/Daredevil-7B -> mlabonne/NeuralDaredevil-7B -> Kukedlc/NeuralMaths-Experiment-7b -> nbeerbower/bophades-v2-mistral-7B -> nbeerbower/bophades-mistral-math-DPO-7B -> flammenai/flammen18-mistral-7B -> flammenai/flammen18X-mistral-7B -> flammenai/flammen22X-mistral-7B -> Jebadiah/Aria-flammen22x-stone-l3-8b -> Jebadiah/Aria-p1-sand-stone -> Jebadiah/Aria-diamond-v1 -> Jebadiah/Aria-diamond-v2 -> Jebadiah/Aria-ruby-v3 -> Jebadiah/Aria-rp-coder-7b -> Jebadiah/Aria-coder-plus-7b -> mradermacher/Aria-coder-plus-7b-GGUF
ericjiliangli/t5-small-news-summarization -> liamvbetts/t5-small-finetuned-2024-03-12 -> liamvbetts/t5-small-finetuned-2024-03-13 -> liamvbetts/t5-small-finetuned-2024-03-14 -> liamvbetts/t5-small-finetuned-2024-03-15 -> liamvbetts/t5-small-finetuned-2024-03-16 -> liamvbetts/t5-small-finetuned-2024-03-17 -> liamvbetts/t5-small-finetuned-2024-03-18 -> liamvbetts/t5-small-finetuned-2024-03-19 -> liamvbetts/t5-small-finetuned-2024-03-20 -> liamvbetts/t5-small-finetuned-2024-03-21 -> liamvbetts/t5-small-finetuned-2024-03-22 -> liamvbetts/t5-small-finetuned-2024-03-23 -> liamvbetts/t5-small-finetuned-2024-03-24 -> liamvbetts/t5-small-finetuned-2024-04-23 -> liamvbetts/t5-small-finetuned-2024-03-27 -> liamvbetts/t5-small-finetuned-2024-03-29 -> liamvbetts/t5-small-finetuned-2024-03-30 -> liamvbetts/t5-small-finetuned-2024-04-01 -> liamvbetts/t5-small-finetuned-2024-04-02 -> liamvbetts/t5-small-finetuned-2024-04-04
answerdotai/ModernBERT-Large-Instruct -> CocoRoF/KoModernBERT-large-mlm -> CocoRoF/KoModernBERT-large-mlm-v2 -> CocoRoF/KoModernBERT-large-mlm-v3 -> CocoRoF/KoModernBERT-large-mlm-v4 -> CocoRoF/KoModernBERT-large-mlm-v5 -> CocoRoF/KoModernBERT-large-mlm-v6 -> CocoRoF/KoModernBERT-large-mlm-v7 -> CocoRoF/KoModernBERT-large-mlm-v8 -> CocoRoF/KoModernBERT-large-mlm-v9 -> CocoRoF/KoModernBERT-large-mlm-v10 -> CocoRoF/KoModernBERT-large-mlm-v11 -> CocoRoF/KoModernBERT-large-mlm-v12 -> CocoRoF/KoModernBERT-large-mlm-v13 -> CocoRoF/KoModernBERT-large-mlm-v14 -> CocoRoF/KoModernBERT-large-mlm-v15 -> CocoRoF/KoModernBERT-large-mlm-v16 -> CocoRoF/KoModernBERT-large-mlm-v17 -> CocoRoF/KoModernBERT-large-mlm-v18 -> CocoRoF/KoModernBERT-large-mlm-v19 -> CocoRoF/KoModernBERT-large-mlm-v20
lukasdrg/clinical_longformer_same_tokens_180k -> lukasdrg/clinical_longformer_same_tokens_200k -> lukasdrg/clinical_longformer_same_tokens_220k -> lukasdrg/clinical_longformer_same_tokens_240k -> lukasdrg/clinical_longformer_same_tokens_1epochs -> lukasdrg/clinical_longformer_same_tokens_1epochs_50k -> camilon/clinical_longformer_same_tokens_1epochs_100k -> camilon/clinical_longformer_same_tokens_1epochs_150k -> camilon/clinical_longformer_same_tokens_1epochs_200k -> camilon/clinical_longformer_same_tokens_1epochs_250k -> SandriBarros/clinical_longformer_same_tokens_2epochs_50k -> SandriBarros/clinical_longformer_same_tokens_2epochs_100k -> SandriBarros/clinical_longformer_same_tokens_2epochs_150k -> SandriBarros/clinical_longformer_same_tokens_2epochs_200k -> SandriBarros/clinical_longformer_same_tokens_2epochs_250k -> SandriBarros/clinical_longformer_same_tokens_3epochs_50k -> lukasdrg/clinical_longformer_same_tokens_3epochs_100k -> lukasdrg/clinical_longformer_same_tokens_3epochs_150k -> lukasdrg/clinical_longformer_same_tokens_3epochs_200k -> lukasdrg/clinical_longformer_same_tokens_3epochs_260k
berkeley-nest/Starling-LM-7B-alpha -> Q-bert/MetaMath-Cybertron-Starling -> EmbeddedLLM/Mistral-7B-Merge-14-v0 -> EmbeddedLLM/Mistral-7B-Merge-14-v0.2 -> mlabonne/Daredevil-7B -> mlabonne/NeuralDaredevil-7B -> Kukedlc/NeuralMaths-Experiment-7b -> nbeerbower/bophades-v2-mistral-7B -> nbeerbower/bophades-mistral-math-DPO-7B -> flammenai/flammen18-mistral-7B -> flammenai/flammen18X-mistral-7B -> flammenai/flammen22X-mistral-7B -> flammenai/flammen23-mistral-7B -> flammenai/flammen23X-mistral-7B -> flammenai/flammen24-mistral-7B -> flammenai/Mahou-1.0-mistral-7B -> flammenai/Mahou-1.1-mistral-7B -> nbeerbower/KawaiiMahou-mistral-7B -> solidrust/KawaiiMahou-mistral-7B-AWQ
FelixChao/Sectumsempra-7B-DPO -> shadowml/BeagleSempra-7B -> shadowml/BeagSake-7B -> mlabonne/OmniBeagle-7B -> mlabonne/NeuralOmniBeagle-7B -> paulml/NeuralOmniWestBeaglake-7B -> nbeerbower/bophades-v2-mistral-7B -> nbeerbower/bophades-mistral-math-DPO-7B -> flammenai/flammen18-mistral-7B -> flammenai/flammen18X-mistral-7B -> flammenai/flammen22X-mistral-7B -> flammenai/flammen23-mistral-7B -> flammenai/flammen23X-mistral-7B -> flammenai/flammen24-mistral-7B -> flammenai/Mahou-1.0-mistral-7B -> flammenai/Mahou-1.1-mistral-7B -> nbeerbower/KawaiiMahou-mistral-7B -> solidrust/KawaiiMahou-mistral-7B-AWQ